sample,error mean,pair,ct1,ct2,error min,error mean relative,n markers pass 1,n markers
157_mono_derived t_cell,0.4673674359094178,dendritic mono_derived,dendritic,mono_derived,0.05,3.057343408612836,31,NA
147_b_cell natural_killer,0.44944402840299896,t_cell natural_killer,t_cell,natural_killer,0.05,2.9981461885738625,59,NA
153_granulocyte mono_derived,0.4395118820232965,dendritic mono_derived,dendritic,mono_derived,0.05,2.9648334928737445,31,NA
230_dendritic mono_derived,0.4368201556956953,b_cell dendritic,b_cell,dendritic,0.05,2.9557407047834734,64,NA
69_dendritic t_cell,0.41054982150844654,natural_killer t_cell,natural_killer,t_cell,0.05,2.865483629366765,59,NA
234_granulocyte mono_derived,0.3417369532929943,dendritic mono_derived,dendritic,mono_derived,0.05,2.61433338843,31,NA
77_mast_cell mono_derived,0.33342077939137527,dendritic mono_derived,dendritic,mono_derived,0.05,2.5823275523890277,31,NA
228_b_cell natural_killer,0.3039811004144666,t_cell natural_killer,t_cell,natural_killer,0.05,2.4656889520556584,59,NA
72_granulocyte mono_derived,0.23634672656072192,t_cell granulocyte,t_cell,granulocyte,0.05,2.1741514508456943,82,NA
18_granulocyte mono_derived,0.23196379816368626,natural_killer granulocyte,natural_killer,granulocyte,0.05,2.1538978534911366,53,NA
66_b_cell natural_killer,0.18745196365025218,t_cell natural_killer,t_cell,natural_killer,0.05,1.9362435985704494,59,NA
215_natural_killer t_cell,0.18008384638190905,b_cell natural_killer,b_cell,natural_killer,0.05,1.8978084538852125,54,NA
163_endothelial epithelial,0.17642060642551075,fibroblast endothelial,fibroblast,endothelial,0.05,1.8784068059156447,30,NA
76_mono_derived t_cell,0.17132217884194403,natural_killer mono_derived,natural_killer,mono_derived,0.05,1.8510655247286305,53,NA
44_dendritic natural_killer,0.1652758799165663,t_cell natural_killer,t_cell,natural_killer,0.05,1.818108247143532,59,NA
132_mono_derived natural_killer,0.15205791993053608,t_cell natural_killer,t_cell,natural_killer,0.05,1.7438917393607671,59,NA
12_b_cell natural_killer,0.14199212496272193,t_cell natural_killer,t_cell,natural_killer,0.05,1.6851832242383729,59,NA
269_natural_killer t_cell,0.13669837442916477,mono_derived natural_killer,mono_derived,natural_killer,0.05,1.6534713449537901,53,NA
210_granulocyte natural_killer,0.12588960945272223,b_cell natural_killer,b_cell,natural_killer,0.05,1.5867552391766175,54,NA
122_dendritic mono_derived,0.12573822384803363,endothelial mono_derived,endothelial,mono_derived,0.05,1.585800894488546,NA,NA
120_b_cell natural_killer,0.11778791999184468,t_cell natural_killer,t_cell,natural_killer,0.05,1.5348480054509936,59,NA
183_granulocyte natural_killer,0.11749640889854715,t_cell natural_killer,t_cell,natural_killer,0.05,1.5329475457336896,59,NA
264_granulocyte natural_killer,0.11740043112992676,b_cell granulocyte,b_cell,granulocyte,0.05,1.5323213183267193,32,NA
243_mast_cell natural_killer,0.11617108428293955,b_cell natural_killer,b_cell,natural_killer,0.05,1.5242774306729043,54,NA
27_mast_cell natural_killer,0.11494021344129962,b_cell natural_killer,b_cell,natural_killer,0.05,1.5161808166660045,54,NA
206_dendritic natural_killer,0.10791855657561977,t_cell natural_killer,t_cell,natural_killer,0.05,1.4691395888452519,59,NA
247_epithelial fibroblast,0.10150592622800975,endothelial fibroblast,endothelial,fibroblast,0.05,1.4248222782369016,30,NA
17_dendritic natural_killer,0.1014803254034614,t_cell natural_killer,t_cell,natural_killer,0.05,1.42464258958843,59,NA
260_dendritic natural_killer,0.09226228039151668,t_cell natural_killer,t_cell,natural_killer,0.05,1.3583981772036995,59,NA
171_b_cell mono_derived,0.09198423654809465,dendritic mono_derived,dendritic,mono_derived,0.05,1.356349781937496,31,NA
94_dendritic granulocyte,0.09000210516016792,b_cell dendritic,b_cell,dendritic,0.05,1.3416564773455828,64,NA
168_fibroblast immune_cell,0.08858105075829865,endothelial immune_cell,endothelial,immune_cell,0.05,1.3310225449503,62,NA
267_mono_derived natural_killer,0.08632272611353492,t_cell natural_killer,t_cell,natural_killer,0.05,1.3139461641447485,59,NA
78_mono_derived natural_killer,0.0843619217374785,dendritic mono_derived,dendritic,mono_derived,0.05,1.2989374252632688,31,NA
52_mast_cell t_cell,0.08418408146912382,natural_killer t_cell,natural_killer,t_cell,0.05,1.297567581817023,59,NA
96_dendritic t_cell,0.08418168279823995,b_cell dendritic,b_cell,dendritic,0.05,1.2975490957820437,64,NA
161_natural_killer t_cell,0.07539456008767426,mono_derived t_cell,mono_derived,t_cell,0.05,1.2279622151163632,71,NA
193_epithelial fibroblast,0.07284701370025534,endothelial fibroblast,endothelial,fibroblast,0.05,1.20703780968332,30,NA
182_granulocyte mast_cell,0.07215995543427087,mono_derived granulocyte,mono_derived,granulocyte,0.05,1.2013322224453222,57,NA
8_b_cell granulocyte,0.0708674475150385,mono_derived granulocyte,mono_derived,granulocyte,0.05,1.1905246533779843,57,NA
48_granulocyte natural_killer,0.0687223062729404,b_cell granulocyte,b_cell,granulocyte,0.05,1.1723677432694948,32,NA
5_epithelial immune_cell,0.0656201861141261,fibroblast epithelial,fibroblast,epithelial,0.05,1.145601903927591,75,NA
117_b_cell mono_derived,0.06513653441236007,dendritic mono_derived,dendritic,mono_derived,0.05,1.1413722829327868,31,NA
233_dendritic natural_killer,0.06457232935804691,mono_derived natural_killer,mono_derived,natural_killer,0.05,1.136418315217129,53,NA
107_natural_killer t_cell,0.06285213099050885,b_cell t_cell,b_cell,t_cell,0.05,1.1211791203060182,47,NA
201_b_cell natural_killer,0.062186077654855815,t_cell natural_killer,t_cell,natural_killer,0.05,1.1152226473207565,59,NA
55_endothelial epithelial,0.060783647163050555,fibroblast endothelial,fibroblast,endothelial,0.05,1.1025755952591236,30,NA
148_dendritic granulocyte,0.06021472196585937,mono_derived granulocyte,mono_derived,granulocyte,0.05,1.097403498863197,57,NA
113_epithelial immune_cell,0.06014720098552553,endothelial immune_cell,endothelial,immune_cell,0.05,1.096788046848848,62,NA
86_epithelial immune_cell,0.05781896739963447,endothelial immune_cell,endothelial,immune_cell,0.05,1.075350802293228,62,NA
53_natural_killer t_cell,0.0576983609424791,b_cell natural_killer,b_cell,natural_killer,0.05,1.0742286622733457,54,NA
140_epithelial immune_cell,0.053982061567895534,fibroblast immune_cell,fibroblast,immune_cell,0.05,1.0390578575603528,54,NA
208_granulocyte t_cell,0.053425868683991067,natural_killer granulocyte,natural_killer,granulocyte,0.05,1.0336911403701887,53,NA
149_dendritic mono_derived,0.052281223405621434,granulocyte mono_derived,granulocyte,mono_derived,0.05,1.0225578067338925,57,NA
194_epithelial immune_cell,0.05214178099665671,endothelial immune_cell,endothelial,immune_cell,0.05,1.021193233395685,62,NA
270_mast_cell natural_killer,0.04936460887941285,mono_derived natural_killer,mono_derived,natural_killer,0.05,0.9936257734118299,53,NA
138_endothelial immune_cell,0.04884892980468844,fibroblast immune_cell,fibroblast,immune_cell,0.05,0.9884222762027214,54,NA
20_granulocyte mast_cell,0.048257933285260436,b_cell granulocyte,b_cell,granulocyte,0.05,0.9824248906177045,32,NA
123_dendritic t_cell,0.04807930882120817,mono_derived t_cell,mono_derived,t_cell,0.05,0.9806050053024222,71,NA
235_granulocyte t_cell,0.04735771083421712,natural_killer granulocyte,natural_killer,granulocyte,0.05,0.9732184835299535,53,NA
170_b_cell granulocyte,0.04705323382701842,mono_derived b_cell,mono_derived,b_cell,0.05,0.9700848811008077,29,NA
95_dendritic mono_derived,0.04661892436543565,fibroblast mono_derived,fibroblast,mono_derived,0.05,0.9655974768549849,NA,NA
39_b_cell natural_killer,0.04629609938505193,t_cell b_cell,t_cell,b_cell,0.05,0.9622484022855213,47,NA
93_b_cell natural_killer,0.0462579629513042,fibroblast b_cell,fibroblast,b_cell,0.05,0.9618519943453275,NA,NA
231_dendritic t_cell,0.04545324387967142,mono_derived dendritic,mono_derived,dendritic,0.05,0.9534489381154234,31,NA
159_mono_derived natural_killer,0.045298428612086106,dendritic natural_killer,dendritic,natural_killer,0.05,0.9518238136555116,74,NA
218_endothelial fibroblast,0.043789746308159766,epithelial endothelial,epithelial,endothelial,0.05,0.935839156139128,41,NA
116_b_cell granulocyte,0.043206186769223234,fibroblast b_cell,fibroblast,b_cell,0.05,0.9295825597462899,NA,NA
58_epithelial fibroblast,0.041987111870545095,endothelial epithelial,endothelial,epithelial,0.05,0.916374507180826,41,NA
42_dendritic t_cell,0.041486926525157106,b_cell dendritic,b_cell,dendritic,0.05,0.910899846582017,64,NA
2_endothelial fibroblast,0.04084759948039825,epithelial endothelial,epithelial,endothelial,0.05,0.9038539647575624,41,NA
256_dendritic granulocyte,0.0379532753522762,t_cell dendritic,t_cell,dendritic,0.05,0.8712436553832251,54,NA
196_b_cell dendritic,0.03791082986077987,mono_derived dendritic,mono_derived,dendritic,0.05,0.8707563363051671,31,NA
71_dendritic natural_killer,0.036638295641707896,mono_derived natural_killer,mono_derived,natural_killer,0.05,0.8560174722715407,53,NA
202_dendritic granulocyte,0.036440362948029895,mono_derived granulocyte,mono_derived,granulocyte,0.05,0.85370209028712,57,NA
188_natural_killer t_cell,0.03519650371304013,mono_derived natural_killer,mono_derived,natural_killer,0.05,0.8390054077661255,53,NA
90_b_cell mono_derived,0.034303349187202806,dendritic mono_derived,dendritic,mono_derived,0.05,0.8282916055013814,31,NA
35_b_cell granulocyte,0.033833954863428696,t_cell b_cell,t_cell,b_cell,0.05,0.8226050676166382,47,NA
245_endothelial fibroblast,0.03383084486808427,epithelial endothelial,epithelial,endothelial,0.05,0.8225672600837487,41,NA
195_fibroblast immune_cell,0.033726671390668685,epithelial immune_cell,epithelial,immune_cell,0.05,0.8212998403831415,77,NA
85_epithelial fibroblast,0.032474266039616985,endothelial epithelial,endothelial,epithelial,0.05,0.8059065211253348,41,NA
6_fibroblast immune_cell,0.03216535234088849,endothelial immune_cell,endothelial,immune_cell,0.05,0.8020642410790858,62,NA
43_dendritic mast_cell,0.031467410138264526,t_cell dendritic,t_cell,dendritic,0.05,0.7933146934006016,54,NA
59_epithelial immune_cell,0.031240867516641176,fibroblast epithelial,fibroblast,epithelial,0.05,0.7904538888087169,75,NA
187_mast_cell t_cell,0.03059656297737665,natural_killer t_cell,natural_killer,t_cell,0.05,0.7822603527902542,59,NA
222_fibroblast immune_cell,0.030390032623014294,endothelial immune_cell,endothelial,immune_cell,0.05,0.7796157081923669,62,NA
266_mast_cell mono_derived,0.030164714056048668,fibroblast mono_derived,fibroblast,mono_derived,0.05,0.7767202077459896,NA,NA
207_granulocyte mono_derived,0.029895733529380734,dendritic granulocyte,dendritic,granulocyte,0.05,0.7732494232701468,70,NA
129_granulocyte natural_killer,0.028864195590052127,mono_derived natural_killer,mono_derived,natural_killer,0.05,0.7597920187795095,53,NA
61_b_cell dendritic,0.02810425053528189,mono_derived b_cell,mono_derived,b_cell,0.05,0.7497232894245969,29,NA
126_granulocyte mono_derived,0.028076647429713452,t_cell granulocyte,t_cell,granulocyte,0.05,0.7493550217315348,82,NA
13_dendritic granulocyte,0.02777770879666567,mono_derived dendritic,mono_derived,dendritic,0.05,0.7453550670206203,31,NA
104_mast_cell mono_derived,0.02761791144999722,t_cell mast_cell,t_cell,mast_cell,0.05,0.7432080657527502,37,NA
74_granulocyte mast_cell,0.027544862298943217,mono_derived granulocyte,mono_derived,granulocyte,0.05,0.7422245253148567,57,NA
56_endothelial fibroblast,0.02665265564700881,epithelial endothelial,epithelial,endothelial,0.05,0.7301048643449625,41,NA
124_dendritic mast_cell,0.0265865080113389,b_cell dendritic,b_cell,dendritic,0.05,0.7291982996598236,64,NA
265_mono_derived t_cell,0.026456936401212553,dendritic t_cell,dendritic,t_cell,0.05,0.7274192243983183,54,NA
180_granulocyte mono_derived,0.026233981200049952,b_cell granulocyte,b_cell,granulocyte,0.05,0.7243477231281942,32,NA
7_b_cell dendritic,0.025515526045781712,mono_derived b_cell,mono_derived,b_cell,0.05,0.7143602178982493,29,NA
209_granulocyte mast_cell,0.025266903217955935,mono_derived mast_cell,mono_derived,mast_cell,0.05,0.7108713416358255,60,NA
224_b_cell granulocyte,0.024003174835691924,t_cell b_cell,t_cell,b_cell,0.05,0.6928661463182038,47,NA
246_endothelial immune_cell,0.02386220625786306,epithelial immune_cell,epithelial,immune_cell,0.05,0.6908285787062238,77,NA
241_mast_cell t_cell,0.02386189990941912,natural_killer mast_cell,natural_killer,mast_cell,0.05,0.690824144184598,68,NA
142_b_cell dendritic,0.02326263065676354,mono_derived b_cell,mono_derived,b_cell,0.05,0.6820942846375938,29,NA
3_endothelial immune_cell,0.023074157806126705,fibroblast immune_cell,fibroblast,immune_cell,0.05,0.679325515583313,54,NA
176_dendritic mono_derived,0.022870338248704977,epithelial mono_derived,epithelial,mono_derived,0.05,0.6763185380973226,NA,NA
80_natural_killer t_cell,0.022369114219880602,mono_derived natural_killer,mono_derived,natural_killer,0.05,0.6688664174538979,53,NA
9_b_cell mono_derived,0.021412836866262837,granulocyte mono_derived,granulocyte,mono_derived,0.05,0.6544132771615019,57,NA
141_fibroblast immune_cell,0.021107005613408624,endothelial fibroblast,endothelial,fibroblast,0.05,0.6497231043053436,30,NA
82_endothelial epithelial,0.021084766393503807,fibroblast epithelial,fibroblast,epithelial,0.05,0.6493807264387172,75,NA
263_granulocyte mast_cell,0.020638177018837536,fibroblast mast_cell,fibroblast,mast_cell,0.05,0.6424667620793707,NA,NA
255_b_cell natural_killer,0.0199168762993055,t_cell b_cell,t_cell,b_cell,0.05,0.6311398624600651,47,NA
49_mono_derived t_cell,0.019861402831685488,granulocyte mono_derived,granulocyte,mono_derived,0.05,0.630260308629466,57,NA
229_dendritic granulocyte,0.019014212395817548,mono_derived granulocyte,mono_derived,granulocyte,0.05,0.616671912702655,57,NA
211_mono_derived t_cell,0.01872469898024913,natural_killer t_cell,natural_killer,t_cell,0.05,0.6119591322996843,59,NA
248_epithelial immune_cell,0.01852381425985933,fibroblast immune_cell,fibroblast,immune_cell,0.05,0.6086676311396776,54,NA
89_b_cell granulocyte,0.018005264410754212,mono_derived b_cell,mono_derived,b_cell,0.05,0.6000877337648922,29,NA
252_b_cell mono_derived,0.01718955343946331,granulocyte mono_derived,granulocyte,mono_derived,0.05,0.5863369925130651,57,NA
219_endothelial immune_cell,0.01714026433444819,epithelial immune_cell,epithelial,immune_cell,0.05,0.5854957614611431,77,NA
173_b_cell mast_cell,0.017072426654705507,dendritic b_cell,dendritic,b_cell,0.05,0.5843359762106985,64,NA
15_dendritic t_cell,0.017012410763430182,natural_killer dendritic,natural_killer,dendritic,0.05,0.5833079934893775,74,NA
134_natural_killer t_cell,0.016945065147057865,b_cell t_cell,b_cell,t_cell,0.05,0.582152302186599,47,NA
128_granulocyte mast_cell,0.01693289000923114,epithelial mast_cell,epithelial,mast_cell,0.05,0.5819431245273224,NA,NA
214_mast_cell t_cell,0.016299297084256186,natural_killer t_cell,natural_killer,t_cell,0.05,0.5709517857797834,59,NA
152_dendritic natural_killer,0.016241040740091736,mono_derived dendritic,mono_derived,dendritic,0.05,0.5699305350670683,31,NA
45_granulocyte mono_derived,0.01620586029861716,b_cell granulocyte,b_cell,granulocyte,0.05,0.5693129244733016,32,NA
30_endothelial immune_cell,0.015928805259458292,fibroblast immune_cell,fibroblast,immune_cell,0.05,0.5644254646887983,54,NA
237_granulocyte natural_killer,0.015306917441472098,t_cell natural_killer,t_cell,natural_killer,0.05,0.5532977036184427,59,NA
203_dendritic mono_derived,0.015150907816727854,b_cell dendritic,b_cell,dendritic,0.05,0.5504708496683154,64,NA
242_natural_killer t_cell,0.014796809155419114,b_cell natural_killer,b_cell,natural_killer,0.05,0.5440001682981195,54,NA
184_mono_derived t_cell,0.014023987157283976,granulocyte mono_derived,granulocyte,mono_derived,0.05,0.5296033828684249,57,NA
106_mast_cell t_cell,0.013960112152897894,natural_killer mast_cell,natural_killer,mast_cell,0.05,0.5283959150655481,68,NA
51_mono_derived natural_killer,0.013756794783789144,b_cell mono_derived,b_cell,mono_derived,0.05,0.5245339795244754,29,NA
166_epithelial fibroblast,0.013635852546821026,endothelial epithelial,endothelial,epithelial,0.05,0.5222231811557397,41,NA
155_granulocyte mast_cell,0.013317431083639083,mono_derived mast_cell,mono_derived,mast_cell,0.05,0.5160897418790472,60,NA
181_granulocyte t_cell,0.012822860527408652,natural_killer t_cell,natural_killer,t_cell,0.05,0.5064160449158113,59,NA
238_mono_derived t_cell,0.012617611156267543,granulocyte t_cell,granulocyte,t_cell,0.05,0.5023467160491356,82,NA
146_b_cell mast_cell,0.012547468380599053,mono_derived b_cell,mono_derived,b_cell,0.05,0.5009484680203954,29,NA
67_dendritic granulocyte,0.012415917377003496,b_cell granulocyte,b_cell,granulocyte,0.05,0.4983155100336231,32,NA
25_mast_cell t_cell,0.0124130342683509,epithelial mast_cell,epithelial,mast_cell,0.05,0.49825764958203905,NA,NA
47_granulocyte mast_cell,0.01220038769606921,t_cell mast_cell,t_cell,mast_cell,0.05,0.49397141002428896,37,NA
150_dendritic t_cell,0.012172744491993943,mono_derived dendritic,mono_derived,dendritic,0.05,0.4934114812607007,31,NA
177_dendritic t_cell,0.01201599305635566,mono_derived t_cell,mono_derived,t_cell,0.05,0.4902242967531426,71,NA
98_dendritic natural_killer,0.011756462306145011,mono_derived dendritic,mono_derived,dendritic,0.05,0.4849012746146376,31,NA
145_b_cell t_cell,0.011517901073739347,natural_killer b_cell,natural_killer,b_cell,0.05,0.4799562703776115,54,NA
259_dendritic mast_cell,0.011202178258509925,natural_killer dendritic,natural_killer,dendritic,0.05,0.47333240452159886,74,NA
162_mast_cell natural_killer,0.010720593046611198,t_cell mast_cell,t_cell,mast_cell,0.05,0.4630462837905342,37,NA
16_dendritic mast_cell,0.010461867611644474,epithelial mast_cell,epithelial,mast_cell,0.05,0.45742469569634026,NA,NA
189_mast_cell natural_killer,0.010425288323446216,dendritic mast_cell,dendritic,mast_cell,0.05,0.45662431655456576,68,NA
115_b_cell dendritic,0.010412642672285737,mono_derived b_cell,mono_derived,b_cell,0.05,0.4563472947719913,29,NA
261_granulocyte mono_derived,0.010233902565265938,b_cell granulocyte,b_cell,granulocyte,0.05,0.45241358435099926,32,NA
23_mast_cell mono_derived,0.010178854946785021,dendritic mono_derived,dendritic,mono_derived,0.05,0.451195189397782,31,NA
136_endothelial epithelial,0.009964346305288174,fibroblast epithelial,fibroblast,epithelial,0.05,0.4464156427655324,75,NA
92_b_cell mast_cell,0.00976636790642661,dendritic mast_cell,dendritic,mast_cell,0.05,0.44195854797540934,68,NA
37_b_cell t_cell,0.009503771883306063,endothelial t_cell,endothelial,t_cell,0.05,0.4359764187041786,NA,NA
102_granulocyte natural_killer,0.009434685086433612,t_cell natural_killer,t_cell,natural_killer,0.05,0.4343888830629442,59,NA
221_epithelial immune_cell,0.009215949004832115,endothelial epithelial,endothelial,epithelial,0.05,0.4293238638797549,41,NA
268_mast_cell t_cell,0.0090412562254436,granulocyte mast_cell,granulocyte,mast_cell,0.05,0.4252353754203335,33,NA
34_b_cell dendritic,0.008992369232222037,mono_derived b_cell,mono_derived,b_cell,0.05,0.42408417165044104,29,NA
130_mono_derived t_cell,0.008889405226013208,dendritic t_cell,dendritic,t_cell,0.05,0.42164926718810286,54,NA
227_b_cell mast_cell,0.008757187641032532,mono_derived b_cell,mono_derived,b_cell,0.05,0.41850179548079675,29,NA
112_epithelial fibroblast,0.008245545667588564,endothelial fibroblast,endothelial,fibroblast,0.05,0.4060922473426097,30,NA
121_dendritic granulocyte,0.008050328825832028,mono_derived dendritic,mono_derived,dendritic,0.05,0.40125624794716974,31,NA
26_natural_killer t_cell,0.007939457959641568,granulocyte natural_killer,granulocyte,natural_killer,0.05,0.39848357455838923,53,NA
36_b_cell mono_derived,0.007795170943683383,t_cell b_cell,t_cell,b_cell,0.05,0.39484606984705783,47,NA
244_endothelial epithelial,0.007282582501879745,fibroblast endothelial,fibroblast,endothelial,0.05,0.38164335450469317,30,NA
50_mast_cell mono_derived,0.007240572604799539,granulocyte mast_cell,granulocyte,mast_cell,0.05,0.3805409992313453,33,NA
40_dendritic granulocyte,0.00702472250526846,t_cell dendritic,t_cell,dendritic,0.05,0.3748258930561884,54,NA
21_granulocyte natural_killer,0.007002688646341855,mono_derived natural_killer,mono_derived,natural_killer,0.05,0.37423758887481773,53,NA
232_dendritic mast_cell,0.006313837628978551,natural_killer dendritic,natural_killer,dendritic,0.05,0.35535440419329406,74,NA
114_fibroblast immune_cell,0.005988855298970233,endothelial immune_cell,endothelial,immune_cell,0.05,0.34608829217326126,62,NA
24_mono_derived natural_killer,0.0057363171888666865,t_cell mono_derived,t_cell,mono_derived,0.05,0.33871277474777023,71,NA
160_mast_cell t_cell,0.005321315446057212,epithelial mast_cell,epithelial,mast_cell,0.05,0.32623045369974923,NA,NA
32_epithelial immune_cell,0.00503580800695889,endothelial immune_cell,endothelial,immune_cell,0.05,0.3173580944913455,62,NA
54_mast_cell natural_killer,0.005024643762633461,fibroblast mast_cell,fibroblast,mast_cell,0.05,0.3170061123269853,NA,NA
204_dendritic t_cell,0.004775003935943926,mono_derived dendritic,mono_derived,dendritic,0.05,0.3090308701713771,31,NA
19_granulocyte t_cell,0.004753808864715861,natural_killer granulocyte,natural_killer,granulocyte,0.05,0.3083442512749625,53,NA
158_mast_cell mono_derived,0.004615000399948885,granulocyte mast_cell,granulocyte,mast_cell,0.05,0.30380916378374384,33,NA
172_b_cell t_cell,0.004416349717008572,natural_killer t_cell,natural_killer,t_cell,0.05,0.2971985772849046,59,NA
91_b_cell t_cell,0.004257602305562231,natural_killer t_cell,natural_killer,t_cell,0.05,0.29180823516694077,59,NA
29_endothelial fibroblast,0.003938431591311944,epithelial endothelial,epithelial,endothelial,0.05,0.28065749914484533,41,NA
22_mono_derived t_cell,0.003923825981634876,b_cell mono_derived,b_cell,mono_derived,0.05,0.28013660887627223,29,NA
174_b_cell natural_killer,0.0038600620486841184,mono_derived b_cell,mono_derived,b_cell,0.05,0.27785111296102877,29,NA
133_mast_cell t_cell,0.003800302769823548,fibroblast mast_cell,fibroblast,mast_cell,0.05,0.2756919574388614,NA,NA
216_mast_cell natural_killer,0.0036127841875130753,fibroblast mast_cell,fibroblast,mast_cell,0.05,0.2688041736101981,NA,NA
135_mast_cell natural_killer,0.0033250447962950083,b_cell natural_killer,b_cell,natural_killer,0.05,0.2578776762845132,54,NA
199_b_cell t_cell,0.0032515948527965946,mono_derived b_cell,mono_derived,b_cell,0.05,0.25501352328049565,29,NA
4_epithelial fibroblast,0.0030553692993232143,endothelial epithelial,endothelial,epithelial,0.05,0.2471990816861266,41,NA
73_granulocyte t_cell,0.0030021094654935766,mono_derived granulocyte,mono_derived,granulocyte,0.05,0.24503507771311342,57,NA
185_mast_cell mono_derived,0.002915565286548676,dendritic mono_derived,dendritic,mono_derived,0.05,0.2414773399948192,31,NA
87_fibroblast immune_cell,0.0028608265542312186,endothelial immune_cell,endothelial,immune_cell,0.05,0.2391997723339727,62,NA
223_b_cell dendritic,0.0028044605146080094,mono_derived b_cell,mono_derived,b_cell,0.05,0.2368316074601534,29,NA
179_dendritic natural_killer,0.0027093331608290076,mono_derived dendritic,mono_derived,dendritic,0.05,0.23278028957920846,31,NA
198_b_cell mono_derived,0.0027032930064763974,dendritic mono_derived,dendritic,mono_derived,0.05,0.23252066602675975,31,NA
205_dendritic mast_cell,0.0026348838373172812,fibroblast dendritic,fibroblast,dendritic,0.05,0.22955974548327418,NA,NA
192_endothelial immune_cell,0.0024432935288466254,epithelial endothelial,epithelial,endothelial,0.05,0.2210562611122619,41,NA
97_dendritic mast_cell,0.002196413905003731,mono_derived dendritic,mono_derived,dendritic,0.05,0.20959073953797344,31,NA
105_mono_derived natural_killer,0.002019023589553222,dendritic mono_derived,dendritic,mono_derived,0.05,0.2009489283152922,31,NA
167_epithelial immune_cell,0.0016447250654692846,fibroblast epithelial,fibroblast,epithelial,0.05,0.18136841320744274,75,NA
225_b_cell mono_derived,0.0015209813808784883,t_cell b_cell,t_cell,b_cell,0.05,0.1744122347129632,47,NA
84_endothelial immune_cell,0.0014902743574872065,fibroblast immune_cell,fibroblast,immune_cell,0.05,0.1726426573872869,54,NA
14_dendritic mono_derived,0.0014879536310536067,t_cell dendritic,t_cell,dendritic,0.05,0.1725081813163426,54,NA
11_b_cell mast_cell,0.0014465619298060033,fibroblast b_cell,fibroblast,b_cell,0.05,0.17009185340903327,NA,NA
139_epithelial fibroblast,0.001416313551508064,endothelial epithelial,endothelial,epithelial,0.05,0.1683041028322283,41,NA
258_dendritic t_cell,0.0013869514080200548,mono_derived dendritic,mono_derived,dendritic,0.05,0.16655037724484772,31,NA
41_dendritic mono_derived,0.0013647978785834179,t_cell dendritic,t_cell,dendritic,0.05,0.16521488302107762,54,NA
212_mast_cell mono_derived,0.0012673500274756955,t_cell mast_cell,t_cell,mast_cell,0.05,0.15920741361354349,37,NA
64_b_cell t_cell,0.001190759046263154,mono_derived b_cell,mono_derived,b_cell,0.05,0.1543216800234597,29,NA
65_b_cell mast_cell,0.0011130259832743239,fibroblast b_cell,fibroblast,b_cell,0.05,0.149199596733659,NA,NA
175_dendritic granulocyte,0.0010745890137392054,mono_derived dendritic,mono_derived,dendritic,0.05,0.1466007512763291,31,NA
200_b_cell mast_cell,9.157755245569014e-4,epithelial b_cell,epithelial,b_cell,0.05,0.13533480886726085,NA,NA
178_dendritic mast_cell,8.858661927674063e-4,fibroblast dendritic,fibroblast,dendritic,0.05,0.13310643806874303,NA,NA
101_granulocyte mast_cell,7.597126900766984e-4,fibroblast granulocyte,fibroblast,granulocyte,0.05,0.12326497394448258,NA,NA
236_granulocyte mast_cell,7.094117663878714e-4,epithelial granulocyte,epithelial,granulocyte,0.05,0.1191143791813458,NA,NA
131_mast_cell mono_derived,6.586536989853407e-4,epithelial mast_cell,epithelial,mast_cell,0.05,0.11477401264967088,NA,NA
254_b_cell mast_cell,6.39225915080103e-4,mono_derived b_cell,mono_derived,b_cell,0.05,0.11306864420166211,29,NA
119_b_cell mast_cell,6.136538887444294e-4,epithelial b_cell,epithelial,b_cell,0.05,0.11078392381067113,NA,NA
197_b_cell granulocyte,5.911059626969792e-4,mono_derived b_cell,mono_derived,b_cell,0.05,0.10872956936335021,29,NA
68_dendritic mono_derived,4.4376381040024963e-4,t_cell dendritic,t_cell,dendritic,0.05,0.09420868435555711,54,NA
70_dendritic mast_cell,3.752052236904938e-4,mono_derived dendritic,mono_derived,dendritic,0.05,0.0866262343277709,31,NA
31_epithelial fibroblast,3.612926250517583e-4,endothelial epithelial,endothelial,epithelial,0.05,0.08500501456405478,41,NA
144_b_cell mono_derived,3.091263105128774e-4,dendritic b_cell,dendritic,b_cell,0.05,0.07862904177374634,64,NA
240_mono_derived natural_killer,2.858481095758659e-4,granulocyte mono_derived,granulocyte,mono_derived,0.05,0.07561059576221654,57,NA
239_mast_cell mono_derived,2.1682313633964784e-4,b_cell mast_cell,b_cell,mast_cell,0.05,0.06585182402024227,20,NA
250_b_cell dendritic,1.8136212740832482e-4,mono_derived b_cell,mono_derived,b_cell,0.05,0.06022659336345113,29,NA
213_mono_derived natural_killer,1.420974454428736e-4,dendritic mono_derived,dendritic,mono_derived,0.05,0.0533099325534883,31,NA
118_b_cell t_cell,1.3120195475410272e-4,granulocyte b_cell,granulocyte,b_cell,0.05,0.05122537549966866,32,NA
154_granulocyte t_cell,9.838035496373355e-5,endothelial granulocyte,endothelial,granulocyte,0.05,0.04435771747142397,NA,NA
186_mono_derived natural_killer,8.815966852938136e-5,b_cell mono_derived,b_cell,mono_derived,0.05,0.041990396170882065,29,NA
63_b_cell mono_derived,7.858201453440073e-5,dendritic b_cell,dendritic,b_cell,0.05,0.03964391871003691,64,NA
127_granulocyte t_cell,7.779549610727779e-5,natural_killer granulocyte,natural_killer,granulocyte,0.05,0.03944502404797791,53,NA
262_granulocyte t_cell,6.597144134599955e-5,b_cell granulocyte,b_cell,granulocyte,0.05,0.03632394288785278,32,NA
46_granulocyte t_cell,5.461145451564405e-5,natural_killer granulocyte,natural_killer,granulocyte,0.05,0.033048889396058094,53,NA
125_dendritic natural_killer,3.29948055029616e-5,mono_derived dendritic,mono_derived,dendritic,0.05,0.025688443122525585,31,NA
151_dendritic mast_cell,3.273779979940652e-5,mono_derived dendritic,mono_derived,dendritic,0.05,0.025588200327262767,31,NA
10_b_cell t_cell,3.1219159305682626e-5,natural_killer b_cell,natural_killer,b_cell,0.05,0.024987660677095253,54,NA
81_mast_cell natural_killer,2.6049741359168554e-5,t_cell mast_cell,t_cell,mast_cell,0.05,0.02282531110813982,37,NA
156_granulocyte natural_killer,2.553356565902571e-5,t_cell granulocyte,t_cell,granulocyte,0.05,0.02259803781704319,82,NA
169_b_cell dendritic,2.1961607849646504e-5,mono_derived b_cell,mono_derived,b_cell,0.05,0.020957866231869363,29,NA
99_granulocyte mono_derived,2.0037181168825704e-5,dendritic granulocyte,dendritic,granulocyte,0.05,0.020018581952189172,70,NA
251_b_cell granulocyte,1.9538346964476716e-5,t_cell b_cell,t_cell,b_cell,0.05,0.019767825861473343,47,NA
190_endothelial epithelial,1.783941933227791e-5,fibroblast endothelial,fibroblast,endothelial,0.05,0.018888842914417975,30,NA
103_mono_derived t_cell,1.643834323565399e-5,natural_killer mono_derived,natural_killer,mono_derived,0.05,0.01813192942610024,53,NA
249_fibroblast immune_cell,1.5692596358449234e-5,endothelial fibroblast,endothelial,fibroblast,0.05,0.017715866537343992,30,NA
108_mast_cell natural_killer,1.555693869183762e-5,t_cell mast_cell,t_cell,mast_cell,0.05,0.01763912622089746,37,NA
109_endothelial epithelial,1.5552513337805202e-5,fibroblast endothelial,fibroblast,endothelial,0.05,0.017636617214083432,30,NA
253_b_cell t_cell,1.5512897693977726e-5,natural_killer b_cell,natural_killer,b_cell,0.05,0.017614140736338928,54,NA
88_b_cell dendritic,1.5223541318484127e-5,mono_derived b_cell,mono_derived,b_cell,0.05,0.01744909242252108,29,NA
220_epithelial fibroblast,1.3109589906695377e-5,endothelial epithelial,endothelial,epithelial,0.05,0.01619233763648435,41,NA
57_endothelial immune_cell,1.1176057417132283e-5,epithelial endothelial,epithelial,endothelial,0.05,0.01495062367738034,41,NA
28_endothelial epithelial,1.0214322422388592e-5,fibroblast endothelial,fibroblast,endothelial,0.05,0.014292881040845888,30,NA
75_granulocyte natural_killer,9.850973983531726e-6,t_cell granulocyte,t_cell,granulocyte,0.05,0.014036362764998435,82,NA
1_endothelial epithelial,9.650468214611065e-6,fibroblast endothelial,fibroblast,endothelial,0.05,0.013892781013613555,30,NA
33_fibroblast immune_cell,8.799915313829184e-6,endothelial fibroblast,endothelial,fibroblast,0.05,0.013266435326664947,30,NA
217_endothelial epithelial,8.69195138028314e-6,fibroblast endothelial,fibroblast,endothelial,0.05,0.01318480290355767,30,NA
226_b_cell t_cell,8.319359505545351e-6,natural_killer b_cell,natural_killer,b_cell,0.05,0.012899115865473378,54,NA
60_fibroblast immune_cell,7.526482090675704e-6,endothelial fibroblast,endothelial,fibroblast,0.05,0.012269052197032747,30,NA
143_b_cell granulocyte,7.315359417767248e-6,natural_killer b_cell,natural_killer,b_cell,0.05,0.012095750838841917,54,NA
165_endothelial immune_cell,7.280021652925077e-6,epithelial endothelial,epithelial,endothelial,0.05,0.012066500447872263,41,NA
110_endothelial fibroblast,6.247942625211413e-6,epithelial endothelial,epithelial,endothelial,0.05,0.011178499564084093,41,NA
257_dendritic mono_derived,4.654272920989206e-6,b_cell dendritic,b_cell,dendritic,0.05,0.009648080556244549,64,NA
100_granulocyte t_cell,4.352550666389561e-6,natural_killer granulocyte,natural_killer,granulocyte,0.05,0.009330113253749453,53,NA
164_endothelial fibroblast,4.172754585249894e-6,epithelial endothelial,epithelial,endothelial,0.05,0.009135375838190669,41,NA
111_endothelial immune_cell,3.169465555391992e-6,epithelial endothelial,epithelial,endothelial,0.05,0.007961740457201542,41,NA
79_mast_cell t_cell,2.710454376393114e-6,natural_killer mast_cell,natural_killer,mast_cell,0.05,0.007362682087925723,68,NA
62_b_cell granulocyte,2.5311141208889964e-6,mono_derived b_cell,mono_derived,b_cell,0.05,0.007114933760603814,29,NA
191_endothelial fibroblast,2.231665428183346e-6,epithelial endothelial,epithelial,endothelial,0.05,0.006680816459360856,41,NA
38_b_cell mast_cell,1.9637307009060876e-6,epithelial b_cell,epithelial,b_cell,0.05,0.006266946147696001,NA,NA
83_endothelial fibroblast,1.9081152411147112e-6,epithelial endothelial,epithelial,endothelial,0.05,0.006177564635217848,41,NA
137_endothelial fibroblast,1.578752346374335e-6,epithelial endothelial,epithelial,endothelial,0.05,0.005619167814497686,41,NA
